"RelativePath","SizeKB","LastWriteTime"
"industry_census","0","2026-05-01 오전 10:05:27"
"research_supp","0","2026-05-01 오전 10:05:27"
"comtrade_adh_china\AU_2000.csv","1006.84","2026-05-01 오전 9:43:00"
"comtrade_adh_china\AU_2001.csv","1030.81","2026-05-01 오전 9:43:04"
"comtrade_adh_china\AU_2002.csv","1088.66","2026-05-01 오전 9:43:07"
"comtrade_adh_china\AU_2003.csv","1131.96","2026-05-01 오전 9:43:09"
"comtrade_adh_china\AU_2004.csv","1173.4","2026-05-01 오전 9:43:13"
"comtrade_adh_china\AU_2005.csv","1213.15","2026-05-01 오전 9:43:17"
"comtrade_adh_china\AU_2006.csv","1199.1","2026-05-01 오전 9:43:21"
"comtrade_adh_china\AU_2007.csv","1177.1","2026-05-01 오전 9:43:26"
"comtrade_adh_china\AU_2008.csv","1198.29","2026-05-01 오전 9:43:35"
"comtrade_adh_china\AU_2009.csv","1190.14","2026-05-01 오전 9:43:39"
"comtrade_adh_china\AU_2010.csv","1205.09","2026-05-01 오전 9:43:44"
"comtrade_adh_china\AU_2011.csv","1215.15","2026-05-01 오전 9:43:47"
"comtrade_adh_china\AU_2012.csv","1246.48","2026-05-01 오전 9:43:51"
"comtrade_adh_china\AU_2013.csv","1247.38","2026-05-01 오전 9:43:54"
"comtrade_adh_china\AU_2014.csv","1254.53","2026-05-01 오전 9:43:56"
"comtrade_adh_china\AU_2015.csv","1258.45","2026-05-01 오전 9:44:00"
"comtrade_adh_china\AU_2016.csv","1257.87","2026-05-01 오전 9:44:04"
"comtrade_adh_china\AU_2017.csv","3670.63","2026-05-01 오전 9:44:08"
"comtrade_adh_china\AU_2018.csv","3702.76","2026-05-01 오전 9:44:11"
"comtrade_adh_china\AU_2019.csv","3738.4","2026-05-01 오전 9:44:15"
"comtrade_adh_china\AU_2020.csv","3660.48","2026-05-01 오전 9:44:19"
"comtrade_adh_china\AU_2021.csv","3655.38","2026-05-01 오전 9:44:23"
"comtrade_adh_china\AU_2022.csv","3824.14","2026-05-01 오전 9:44:27"
"comtrade_adh_china\AU_2023.csv","3787.61","2026-05-01 오전 9:44:30"
"comtrade_adh_china\AU_2024.csv","3788.43","2026-05-01 오전 9:44:33"
"comtrade_adh_china\CH_2000.csv","4187.29","2026-05-01 오전 10:06:02"
"comtrade_adh_china\CH_2001.csv","4397.59","2026-05-01 오전 10:06:05"
"comtrade_adh_china\CH_2002.csv","4871.34","2026-05-01 오전 10:06:09"
"comtrade_adh_china\CH_2003.csv","5289.91","2026-05-01 오전 10:06:14"
"comtrade_adh_china\CH_2004.csv","5692.42","2026-05-01 오전 10:06:19"
"comtrade_adh_china\CH_2005.csv","6066.36","2026-05-01 오전 10:06:25"
"comtrade_adh_china\CH_2006.csv","6577.89","2026-05-01 오전 10:06:31"
"comtrade_adh_china\CH_2007.csv","6707","2026-05-01 오전 10:06:42"
"comtrade_adh_china\CH_2008.csv","6847.66","2026-05-01 오전 10:06:49"
"comtrade_adh_china\CH_2009.csv","6976.96","2026-05-01 오전 10:07:00"
"comtrade_adh_china\CH_2010.csv","934.5","2026-05-01 오전 10:07:03"
"comtrade_adh_china\CH_2011.csv","1010.86","2026-05-01 오전 10:07:06"
"comtrade_adh_china\CH_2012.csv","8880.46","2026-05-01 오전 10:07:14"
"comtrade_adh_china\CH_2013.csv","8711.81","2026-05-01 오전 10:07:20"
"comtrade_adh_china\CH_2014.csv","8915.82","2026-05-01 오전 10:07:26"
"comtrade_adh_china\CH_2015.csv","8954.07","2026-05-01 오전 10:07:32"
"comtrade_adh_china\CH_2016.csv","9062.4","2026-05-01 오전 10:07:38"
"comtrade_adh_china\CH_2017.csv","9352.72","2026-05-01 오전 10:07:48"
"comtrade_adh_china\CH_2018.csv","9453.41","2026-05-01 오전 10:07:59"
"comtrade_adh_china\CH_2019.csv","9510.49","2026-05-01 오전 10:08:06"
"comtrade_adh_china\CH_2020.csv","9526.39","2026-05-01 오전 10:08:12"
"comtrade_adh_china\CH_2021.csv","9778.16","2026-05-01 오전 10:08:21"
"comtrade_adh_china\CH_2022.csv","10200.93","2026-05-01 오전 10:08:28"
"comtrade_adh_china\CH_2023.csv","10294.54","2026-05-01 오전 10:08:35"
"comtrade_adh_china\CH_2024.csv","10203.02","2026-05-01 오전 10:08:44"
"comtrade_adh_china\DE_2000.csv","984.13","2026-05-01 오전 9:48:09"
"comtrade_adh_china\DE_2001.csv","1008.51","2026-05-01 오전 9:48:12"
"comtrade_adh_china\DE_2002.csv","1061.29","2026-05-01 오전 9:48:15"
"comtrade_adh_china\DE_2003.csv","1101.75","2026-05-01 오전 9:48:17"
"comtrade_adh_china\DE_2004.csv","1160.82","2026-05-01 오전 9:48:20"
"comtrade_adh_china\DE_2005.csv","1210.01","2026-05-01 오전 9:48:25"
"comtrade_adh_china\DE_2006.csv","1246.42","2026-05-01 오전 9:48:28"
"comtrade_adh_china\DE_2007.csv","1236.9","2026-05-01 오전 9:48:31"
"comtrade_adh_china\DE_2008.csv","5495.51","2026-05-01 오후 1:28:21"
"comtrade_adh_china\DE_2009.csv","6536.24","2026-05-01 오후 1:32:07"
"comtrade_adh_china\DE_2010.csv","6657.73","2026-05-01 오후 1:35:53"
"comtrade_adh_china\DE_2011.csv","6832.2","2026-05-01 오후 1:39:43"
"comtrade_adh_china\DE_2012.csv","7028.72","2026-05-01 오후 1:43:34"
"comtrade_adh_china\DE_2013.csv","6963.9","2026-05-02 오전 11:23:22"
"comtrade_adh_china\DE_2014.csv","8456.91","2026-05-02 오전 11:27:20"
"comtrade_adh_china\DE_2015.csv","10139.16","2026-05-02 오전 11:31:36"
"comtrade_adh_china\DE_2016.csv","10316.57","2026-05-02 오전 11:36:14"
"comtrade_adh_china\DE_2017.csv","10412.97","2026-05-02 오전 11:41:11"
"comtrade_adh_china\DE_2018.csv","11924.65","2026-05-02 오전 11:45:22"
"comtrade_adh_china\DE_2019.csv","15030.49","2026-05-01 오전 9:52:39"
"comtrade_adh_china\DE_2020.csv","9384.42","2026-05-02 오전 11:53:11"
"comtrade_adh_china\DE_2021.csv","6827.07","2026-05-03 오전 10:15:51"
"comtrade_adh_china\DE_2022.csv","6859.13","2026-05-03 오전 10:24:46"
"comtrade_adh_china\DE_2023.csv","6767.9","2026-05-03 오전 10:28:38"
"comtrade_adh_china\DE_2024.csv","6794.56","2026-05-03 오전 10:32:27"
"comtrade_adh_china\DK_2000.csv","526.9","2026-05-01 오전 9:44:36"
"comtrade_adh_china\DK_2001.csv","559.54","2026-05-01 오전 9:44:39"
"comtrade_adh_china\DK_2002.csv","678.58","2026-05-01 오전 9:44:41"
"comtrade_adh_china\DK_2003.csv","735.52","2026-05-01 오전 9:44:43"
"comtrade_adh_china\DK_2004.csv","809.23","2026-05-01 오전 9:44:46"
"comtrade_adh_china\DK_2005.csv","863.02","2026-05-01 오전 9:44:49"
"comtrade_adh_china\DK_2006.csv","908.95","2026-05-01 오전 9:44:52"
"comtrade_adh_china\DK_2007.csv","938.02","2026-05-01 오전 9:44:55"
"comtrade_adh_china\DK_2008.csv","945.36","2026-05-01 오전 9:44:58"
"comtrade_adh_china\DK_2009.csv","929.22","2026-05-01 오전 9:45:01"
"comtrade_adh_china\DK_2010.csv","983.84","2026-05-01 오전 9:45:03"
"comtrade_adh_china\DK_2011.csv","965.54","2026-05-01 오전 9:45:07"
"comtrade_adh_china\DK_2012.csv","949.15","2026-05-01 오전 9:45:09"
"comtrade_adh_china\DK_2013.csv","959.8","2026-05-01 오전 9:45:13"
"comtrade_adh_china\DK_2014.csv","961.11","2026-05-01 오전 9:45:15"
"comtrade_adh_china\DK_2015.csv","974.56","2026-05-01 오전 9:45:24"
"comtrade_adh_china\DK_2016.csv","1002.59","2026-05-01 오전 9:45:26"
"comtrade_adh_china\DK_2017.csv","1029.04","2026-05-01 오전 9:45:29"
"comtrade_adh_china\DK_2018.csv","1048.01","2026-05-01 오전 9:45:32"
"comtrade_adh_china\DK_2019.csv","1062.98","2026-05-01 오전 9:45:34"
"comtrade_adh_china\DK_2020.csv","1063.75","2026-05-01 오전 9:45:38"
"comtrade_adh_china\DK_2021.csv","1193.2","2026-05-01 오전 9:45:41"
"comtrade_adh_china\DK_2022.csv","1172.38","2026-05-01 오전 9:45:43"
"comtrade_adh_china\DK_2023.csv","1374.17","2026-05-01 오전 9:45:46"
"comtrade_adh_china\DK_2024.csv","1405.6","2026-05-01 오전 9:45:49"
"comtrade_adh_china\ES_2000.csv","20506.08","2026-05-01 오전 9:57:14"
"comtrade_adh_china\ES_2001.csv","21400.16","2026-05-01 오전 9:57:25"
"comtrade_adh_china\ES_2002.csv","27481.93","2026-05-01 오전 9:57:39"
"comtrade_adh_china\ES_2003.csv","30386.08","2026-05-01 오전 9:57:57"
"comtrade_adh_china\ES_2004.csv","1750.74","2026-05-03 오전 10:36:23"
"comtrade_adh_china\ES_2005.csv","1763.64","2026-05-03 오전 10:41:24"
"comtrade_adh_china\ES_2006.csv","1963.79","2026-05-03 오전 10:45:25"
"comtrade_adh_china\ES_2007.csv","2120.1","2026-05-03 오전 10:49:22"
"comtrade_adh_china\ES_2008.csv","2241.39","2026-05-03 오전 10:53:25"
"comtrade_adh_china\ES_2009.csv","2236.71","2026-05-03 오전 10:57:23"
"comtrade_adh_china\ES_2010.csv","2388.25","2026-05-03 오전 11:01:18"
"comtrade_adh_china\ES_2011.csv","2374.85","2026-05-03 오전 11:05:18"
"comtrade_adh_china\ES_2012.csv","2466.95","2026-05-03 오전 11:09:27"
"comtrade_adh_china\ES_2013.csv","783.43","2026-05-03 오전 11:12:13"
"comtrade_adh_china\ES_2014.csv","20.19","2026-05-03 오전 11:12:36"
"comtrade_adh_china\FI_2000.csv","569.88","2026-05-01 오전 9:45:51"
"comtrade_adh_china\FI_2001.csv","595.64","2026-05-01 오전 9:45:53"
"comtrade_adh_china\FI_2002.csv","639.81","2026-05-01 오전 9:45:56"
"comtrade_adh_china\FI_2003.csv","673.92","2026-05-01 오전 9:45:59"
"comtrade_adh_china\FI_2004.csv","749.29","2026-05-01 오전 9:46:02"
"comtrade_adh_china\FI_2005.csv","812.09","2026-05-01 오전 9:46:05"
"comtrade_adh_china\FI_2006.csv","857.72","2026-05-01 오전 9:46:09"
"comtrade_adh_china\FI_2007.csv","872.57","2026-05-01 오전 9:46:12"
"comtrade_adh_china\FI_2008.csv","897.72","2026-05-01 오전 9:46:14"
"comtrade_adh_china\FI_2009.csv","896.38","2026-05-01 오전 9:46:17"
"comtrade_adh_china\FI_2010.csv","933.12","2026-05-01 오전 9:46:25"
"comtrade_adh_china\FI_2011.csv","760.5","2026-05-01 오전 9:46:28"
"comtrade_adh_china\FI_2012.csv","957.58","2026-05-01 오전 9:46:32"
"comtrade_adh_china\FI_2013.csv","971.84","2026-05-01 오전 9:46:36"
"comtrade_adh_china\FI_2014.csv","957.07","2026-05-01 오전 9:46:38"
"comtrade_adh_china\FI_2015.csv","982.89","2026-05-01 오전 9:46:41"
"comtrade_adh_china\FI_2016.csv","995.66","2026-05-01 오전 9:46:43"
"comtrade_adh_china\FI_2017.csv","3659.44","2026-05-01 오후 1:20:48"
"comtrade_adh_china\FI_2018.csv","3791.88","2026-05-01 오후 1:24:32"
"comtrade_adh_china\FI_2019.csv","8890.78","2026-05-01 오전 9:47:31"
"comtrade_adh_china\FI_2020.csv","9198.08","2026-05-01 오전 9:47:36"
"comtrade_adh_china\FI_2021.csv","9565.09","2026-05-01 오전 9:47:43"
"comtrade_adh_china\FI_2022.csv","10515","2026-05-01 오전 9:47:51"
"comtrade_adh_china\FI_2023.csv","10632.79","2026-05-01 오전 9:47:58"
"comtrade_adh_china\FI_2024.csv","9968.51","2026-05-01 오전 9:48:06"
"comtrade_adh_china\JP_2000.csv","1183.27","2026-05-01 오전 9:54:20"
"comtrade_adh_china\JP_2001.csv","1209.76","2026-05-01 오전 9:54:23"
"comtrade_adh_china\JP_2002.csv","1247.78","2026-05-01 오전 9:54:26"
"comtrade_adh_china\JP_2003.csv","1268.33","2026-05-01 오전 9:54:29"
"comtrade_adh_china\JP_2004.csv","1314.07","2026-05-01 오전 9:54:33"
"comtrade_adh_china\JP_2005.csv","1324.02","2026-05-01 오전 9:54:37"
"comtrade_adh_china\JP_2006.csv","1334.86","2026-05-01 오전 9:54:40"
"comtrade_adh_china\JP_2007.csv","1296.16","2026-05-01 오전 9:54:44"
"comtrade_adh_china\JP_2008.csv","1287.76","2026-05-01 오전 9:54:47"
"comtrade_adh_china\JP_2009.csv","1276.33","2026-05-01 오전 9:54:51"
"comtrade_adh_china\JP_2010.csv","1278.7","2026-05-01 오전 9:54:55"
"comtrade_adh_china\JP_2011.csv","1291.51","2026-05-01 오전 9:54:58"
"comtrade_adh_china\JP_2012.csv","1299.64","2026-05-01 오전 9:55:01"
"comtrade_adh_china\JP_2013.csv","1309.41","2026-05-01 오전 9:55:04"
"comtrade_adh_china\JP_2014.csv","1306.9","2026-05-01 오전 9:55:06"
"comtrade_adh_china\JP_2015.csv","1300.96","2026-05-01 오전 9:55:08"
"comtrade_adh_china\JP_2016.csv","1297.11","2026-05-01 오전 9:55:11"
"comtrade_adh_china\JP_2017.csv","1386.02","2026-05-01 오전 9:55:13"
"comtrade_adh_china\JP_2018.csv","1394.29","2026-05-01 오전 9:55:16"
"comtrade_adh_china\JP_2019.csv","1395.8","2026-05-01 오전 9:55:19"
"comtrade_adh_china\JP_2020.csv","1389.5","2026-05-01 오전 9:55:21"
"comtrade_adh_china\JP_2021.csv","1401.49","2026-05-01 오전 9:55:25"
"comtrade_adh_china\JP_2022.csv","1444.59","2026-05-01 오전 9:55:28"
"comtrade_adh_china\JP_2023.csv","1377.38","2026-05-01 오전 9:55:30"
"comtrade_adh_china\JP_2024.csv","1466.44","2026-05-01 오전 9:55:33"
"comtrade_adh_china\NZ_2000.csv","809.46","2026-05-01 오전 9:55:35"
"comtrade_adh_china\NZ_2001.csv","844.42","2026-05-01 오전 9:55:45"
"comtrade_adh_china\NZ_2002.csv","918.29","2026-05-01 오전 9:55:47"
"comtrade_adh_china\NZ_2003.csv","983.44","2026-05-01 오전 9:55:50"
"comtrade_adh_china\NZ_2004.csv","1034.95","2026-05-01 오전 9:55:52"
"comtrade_adh_china\NZ_2005.csv","1059.03","2026-05-01 오전 9:55:55"
"comtrade_adh_china\NZ_2006.csv","1079.25","2026-05-01 오전 9:55:58"
"comtrade_adh_china\NZ_2007.csv","1089.59","2026-05-01 오전 9:56:07"
"comtrade_adh_china\NZ_2008.csv","1100.51","2026-05-01 오전 9:56:10"
"comtrade_adh_china\NZ_2009.csv","1093.59","2026-05-01 오전 9:56:13"
"comtrade_adh_china\NZ_2010.csv","3196.16","2026-05-01 오전 9:56:16"
"comtrade_adh_china\NZ_2011.csv","3263.4","2026-05-01 오전 9:56:20"
"comtrade_adh_china\NZ_2012.csv","3339.18","2026-05-01 오전 9:56:24"
"comtrade_adh_china\NZ_2013.csv","3386.97","2026-05-01 오전 9:56:28"
"comtrade_adh_china\NZ_2014.csv","3408.93","2026-05-01 오전 9:56:31"
"comtrade_adh_china\NZ_2015.csv","3452.02","2026-05-01 오전 9:56:34"
"comtrade_adh_china\NZ_2016.csv","3446.93","2026-05-01 오전 9:56:38"
"comtrade_adh_china\NZ_2017.csv","3558.12","2026-05-01 오전 9:56:41"
"comtrade_adh_china\NZ_2018.csv","1277.89","2026-05-01 오전 9:56:45"
"comtrade_adh_china\NZ_2019.csv","1305.71","2026-05-01 오전 9:56:48"
"comtrade_adh_china\NZ_2020.csv","1290.9","2026-05-01 오전 9:56:51"
"comtrade_adh_china\NZ_2021.csv","1324.44","2026-05-01 오전 9:56:54"
"comtrade_adh_china\NZ_2022.csv","1365.16","2026-05-01 오전 9:56:57"
"comtrade_adh_china\NZ_2023.csv","1369.26","2026-05-01 오전 9:57:00"
"comtrade_adh_china\NZ_2024.csv","1371.06","2026-05-01 오전 9:57:02"
"comtrade_adh_china\_download_log.csv","3.47","2026-05-01 오전 10:08:44"
"comtrade_china_world\CN_exp_world_2000.csv","1563.5","2026-05-01 오전 10:11:25"
"comtrade_china_world\CN_exp_world_2001.csv","1563.47","2026-05-01 오전 10:11:28"
"comtrade_china_world\CN_exp_world_2002.csv","1588.55","2026-05-01 오전 10:11:31"
"comtrade_china_world\CN_exp_world_2003.csv","1589.41","2026-05-01 오전 10:11:34"
"comtrade_china_world\CN_exp_world_2004.csv","1584.71","2026-05-01 오전 10:11:37"
"comtrade_china_world\CN_exp_world_2005.csv","1592.11","2026-05-01 오전 10:11:40"
"comtrade_china_world\CN_exp_world_2006.csv","1593","2026-05-01 오전 10:11:43"
"comtrade_china_world\CN_exp_world_2007.csv","1535.19","2026-05-01 오전 10:11:46"
"comtrade_china_world\CN_exp_world_2008.csv","1519.43","2026-05-01 오전 10:11:48"
"comtrade_china_world\CN_exp_world_2009.csv","1517.77","2026-05-01 오전 10:11:51"
"comtrade_china_world\CN_exp_world_2010.csv","1522.32","2026-05-01 오전 10:12:00"
"comtrade_china_world\CN_exp_world_2011.csv","1521.97","2026-05-01 오전 10:12:02"
"comtrade_china_world\CN_exp_world_2012.csv","1545.61","2026-05-01 오전 10:12:05"
"comtrade_china_world\CN_exp_world_2013.csv","1550.45","2026-05-01 오전 10:12:08"
"comtrade_china_world\CN_exp_world_2014.csv","1551","2026-05-01 오전 10:12:11"
"comtrade_china_world\CN_exp_world_2018.csv","1667.07","2026-05-01 오전 10:13:15"
"comtrade_china_world\CN_exp_world_2019.csv","1675.54","2026-05-01 오전 10:13:17"
"comtrade_china_world\CN_exp_world_2020.csv","1661.91","2026-05-01 오전 10:13:20"
"comtrade_china_world\CN_exp_world_2021.csv","1651.74","2026-05-01 오전 10:13:23"
"comtrade_china_world\CN_exp_world_2022.csv","1712.01","2026-05-01 오전 10:13:26"
"comtrade_china_world\CN_exp_world_2023.csv","1722.44","2026-05-01 오전 10:13:28"
"comtrade_china_world\CN_exp_world_2024.csv","1729.85","2026-05-01 오전 10:13:32"
"comtrade_china_world\_download_log.csv","0.37","2026-05-01 오전 10:13:32"
"comtrade_korea_china\KR_exp_to_CN_2000.csv","1075.79","2026-05-01 오전 10:08:49"
"comtrade_korea_china\KR_exp_to_CN_2001.csv","1102.8","2026-05-01 오전 10:08:55"
"comtrade_korea_china\KR_exp_to_CN_2002.csv","1153.54","2026-05-01 오전 10:09:00"
"comtrade_korea_china\KR_exp_to_CN_2003.csv","1173.83","2026-05-01 오전 10:09:06"
"comtrade_korea_china\KR_exp_to_CN_2004.csv","1196.95","2026-05-01 오전 10:09:13"
"comtrade_korea_china\KR_exp_to_CN_2005.csv","1196.7","2026-05-01 오전 10:09:19"
"comtrade_korea_china\KR_exp_to_CN_2006.csv","1196.08","2026-05-01 오전 10:09:26"
"comtrade_korea_china\KR_exp_to_CN_2007.csv","1161.77","2026-05-01 오전 10:09:31"
"comtrade_korea_china\KR_exp_to_CN_2008.csv","1170.12","2026-05-01 오전 10:09:36"
"comtrade_korea_china\KR_exp_to_CN_2009.csv","1178.48","2026-05-01 오전 10:09:42"
"comtrade_korea_china\KR_exp_to_CN_2010.csv","1181.67","2026-05-01 오전 10:09:54"
"comtrade_korea_china\KR_exp_to_CN_2011.csv","1176.25","2026-05-01 오전 10:09:59"
"comtrade_korea_china\KR_exp_to_CN_2012.csv","1181.94","2026-05-01 오전 10:10:04"
"comtrade_korea_china\KR_exp_to_CN_2013.csv","1195.85","2026-05-01 오전 10:10:09"
"comtrade_korea_china\KR_exp_to_CN_2014.csv","1208.02","2026-05-01 오전 10:10:14"
"comtrade_korea_china\KR_exp_to_CN_2015.csv","1196.91","2026-05-01 오전 10:10:19"
"comtrade_korea_china\KR_exp_to_CN_2016.csv","1201.09","2026-05-01 오전 10:10:30"
"comtrade_korea_china\KR_exp_to_CN_2017.csv","1254.63","2026-05-01 오전 10:10:36"
"comtrade_korea_china\KR_exp_to_CN_2018.csv","1239.13","2026-05-01 오전 10:10:40"
"comtrade_korea_china\KR_exp_to_CN_2019.csv","1248.7","2026-05-01 오전 10:10:47"
"comtrade_korea_china\KR_exp_to_CN_2020.csv","1211.86","2026-05-01 오전 10:10:59"
"comtrade_korea_china\KR_exp_to_CN_2021.csv","1208.99","2026-05-01 오전 10:11:06"
"comtrade_korea_china\KR_exp_to_CN_2022.csv","1207.15","2026-05-01 오전 10:11:12"
"comtrade_korea_china\KR_exp_to_CN_2023.csv","1200.38","2026-05-01 오전 10:11:16"
"comtrade_korea_china\KR_exp_to_CN_2024.csv","1206.07","2026-05-01 오전 10:11:21"
"comtrade_korea_china\KR_imp_from_CN_2000.csv","1195.12","2026-05-01 오전 10:08:47"
"comtrade_korea_china\KR_imp_from_CN_2001.csv","1221.83","2026-05-01 오전 10:08:52"
"comtrade_korea_china\KR_imp_from_CN_2002.csv","1274.83","2026-05-01 오전 10:08:57"
"comtrade_korea_china\KR_imp_from_CN_2003.csv","1303.93","2026-05-01 오전 10:09:03"
"comtrade_korea_china\KR_imp_from_CN_2004.csv","1335.29","2026-05-01 오전 10:09:09"
"comtrade_korea_china\KR_imp_from_CN_2005.csv","1374.14","2026-05-01 오전 10:09:16"
"comtrade_korea_china\KR_imp_from_CN_2006.csv","1392.6","2026-05-01 오전 10:09:23"
"comtrade_korea_china\KR_imp_from_CN_2007.csv","1353.63","2026-05-01 오전 10:09:29"
"comtrade_korea_china\KR_imp_from_CN_2008.csv","1358.29","2026-05-01 오전 10:09:34"
"comtrade_korea_china\KR_imp_from_CN_2009.csv","1354.19","2026-05-01 오전 10:09:39"
"comtrade_korea_china\KR_imp_from_CN_2010.csv","1363.57","2026-05-01 오전 10:09:51"
"comtrade_korea_china\KR_imp_from_CN_2011.csv","1377.68","2026-05-01 오전 10:09:57"
"comtrade_korea_china\KR_imp_from_CN_2012.csv","1385.42","2026-05-01 오전 10:10:01"
"comtrade_korea_china\KR_imp_from_CN_2013.csv","1391.9","2026-05-01 오전 10:10:06"
"comtrade_korea_china\KR_imp_from_CN_2014.csv","1432.85","2026-05-01 오전 10:10:12"
"comtrade_korea_china\KR_imp_from_CN_2015.csv","1408.88","2026-05-01 오전 10:10:17"
"comtrade_korea_china\KR_imp_from_CN_2016.csv","1412.76","2026-05-01 오전 10:10:28"
"comtrade_korea_china\KR_imp_from_CN_2017.csv","1488.72","2026-05-01 오전 10:10:33"
"comtrade_korea_china\KR_imp_from_CN_2018.csv","1496.19","2026-05-01 오전 10:10:38"
"comtrade_korea_china\KR_imp_from_CN_2019.csv","1508.4","2026-05-01 오전 10:10:44"
"comtrade_korea_china\KR_imp_from_CN_2020.csv","1505.61","2026-05-01 오전 10:10:56"
"comtrade_korea_china\KR_imp_from_CN_2021.csv","1523.41","2026-05-01 오전 10:11:02"
"comtrade_korea_china\KR_imp_from_CN_2022.csv","1586.66","2026-05-01 오전 10:11:09"
"comtrade_korea_china\KR_imp_from_CN_2023.csv","1593.29","2026-05-01 오전 10:11:14"
"comtrade_korea_china\KR_imp_from_CN_2024.csv","1603.63","2026-05-01 오전 10:11:19"
"comtrade_korea_china\_download_log.csv","1.4","2026-05-01 오전 10:11:21"
"crosswalks\8.한국표준산업분류 제11차-국제표준산업분류 제4차 연계표_20240626043559.xlsx","95.01","2026-04-12 오전 1:11:38"
"crosswalks\8차_9차개정 연계표.xls","662","2026-04-11 오후 7:31:16"
"crosswalks\country.xlsx","8.19","2026-04-01 오전 11:52:12"
"crosswalks\CPC21-HS2017.csv","108.46","2026-04-13 오후 4:58:08"
"crosswalks\CPC2_1_BEC5_06_Nov_2018.xlsx","75.04","2026-04-13 오후 4:59:30"
"crosswalks\HS-SITC-BEC Correlations_2022.xlsx","8015.76","2026-04-13 오후 4:55:04"
"crosswalks\ksic_crosswalk_10_to_11.csv","13.94","2026-04-12 오후 8:20:54"
"crosswalks\ksic_crosswalk_8_to_9.csv","15.25","2026-04-12 오후 8:20:06"
"crosswalks\ksic_crosswalk_9_to_10.csv","13.39","2026-04-12 오후 8:20:54"
"crosswalks\KSIC연계표(9차_10차).xlsx","139.45","2026-04-11 오후 7:31:28"
"crosswalks\법정동코드 전체자료.txt","2236.79","2026-03-26 오전 9:04:58"
"crosswalks\법정동코드 전체자료.zip","376.64","2026-04-14 오후 7:14:40"
"crosswalks\한국표준산업분류 제11차-제10차 연계표_20240509_20240514030911.xlsx","102.71","2026-04-11 오후 7:31:34"
"ecos_delinquency\141Y005_M_200801_202412.csv","1052.83","2026-05-01 오전 9:42:48"
"ecos_delinquency\151Y002_M_200801_202412.csv","205.31","2026-05-01 오전 9:42:55"
"ecos_delinquency\151Y003_M_200801_202412.csv","1443.14","2026-05-01 오전 9:42:50"
"ecos_delinquency\151Y005_M_200801_202412.csv","221.65","2026-05-01 오전 9:42:55"
"ecos_delinquency\151Y006_M_200801_202412.csv","3885.38","2026-05-01 오전 9:42:55"
"ecos_delinquency\candidate_tables.csv","1.37","2026-05-01 오전 9:42:46"
"ecos_delinquency\items_141Y005.csv","9.03","2026-05-01 오전 9:42:46"
"ecos_household_credit\bok_household_가계대출_비은행.csv","2720.45","2026-04-29 오후 11:53:48"
"ecos_household_credit\bok_household_가계대출_은행.csv","1010.22","2026-04-29 오후 11:53:58"
"ecos_household_credit\bok_household_연체율.csv","17.38","2026-04-29 오후 11:54:00"
"ecos_macro\102Y002_M_200001_202412_본원통화_평잔_원계열.csv","101.21","2026-05-01 오후 1:05:52"
"ecos_macro\132Y001_A_2008_2024_산업별대출금_예금은행_지역별_전산업.csv","1802.51","2026-05-01 오후 1:09:22"
"ecos_macro\132Y003_A_2008_2024_산업별대출금_예금은행_지역별_용도별.csv","1882.53","2026-05-01 오후 1:09:25"
"ecos_macro\161Y001_M_200001_202412_M1_협의통화_평잔_계절조정.csv","138.87","2026-05-01 오후 1:05:50"
"ecos_macro\161Y006_M_200001_202412_M2_광의통화_평잔_원계열.csv","510.89","2026-05-01 오후 1:05:51"
"ecos_macro\301Y015_A_2000_2024_지역별_경상수지.csv","1374.16","2026-05-01 오후 12:49:46"
"ecos_macro\403Y001_M_200001_202412_국가별_수출.csv","5990.85","2026-05-01 오후 12:50:16"
"ecos_macro\403Y002_M_200001_202412_국가별_수입.csv","5985.74","2026-05-01 오후 12:50:24"
"ecos_macro\722Y001_M_200001_202412_한국은행_기준금리.csv","233.71","2026-05-01 오후 12:49:47"
"ecos_macro\731Y004_M_200001_202412_환율_주요국통화별_월.csv","2311.28","2026-05-01 오후 1:05:49"
"ecos_macro\901Y009_M_200001_202412_CPI_소비자물가지수.csv","14544.97","2026-05-01 오후 12:50:08"
"ecos_macro\_manifest.csv","1.22","2026-05-01 오후 1:09:28"
"hira_quarterly\kosis_hira_quarterly_2009_2025.csv","88180.94","2026-04-19 오후 6:53:07"
"hs_isic4_concordance\6 digit HS 1996 to 2 digit ISIC Rev 4 coding.do","21.09","2026-04-13 오전 9:42:42"
"hs_isic4_concordance\6 digit HS 2002 to 2 digit ISIC Rev 4 coding.do","21.2","2026-04-13 오전 9:42:42"
"hs_isic4_concordance\6 digit HS 2007 to 2 digit ISIC Rev 4 coding.do","21.66","2026-04-13 오전 9:42:42"
"hs_isic4_concordance\cpc21-hs2012.txt","125.47","2026-04-13 오후 5:12:43"
"hs_isic4_concordance\cpc21-isic4.txt","53.03","2026-04-13 오후 5:14:50"
"hs_isic4_concordance\KSIC11_ISIC4_연계표.xlsx","95.01","2026-04-12 오전 1:11:38"
"kosis_business_survey\codebook\2002년 광공업 조사표(공장,본사).hwp","400.5","2026-04-10 오후 4:43:14"
"kosis_business_survey\codebook\2002년 광공업 조사표(공장,본사).pdf","488.19","2026-04-10 오후 4:43:14"
"kosis_business_survey\codebook\2002년_광업제조업통계조사표1(공장용).pdf","339.88","2026-04-10 오후 4:43:14"
"kosis_business_survey\codebook\2002년_광업제조업통계조사표2(본사용).pdf","361.58","2026-04-10 오후 4:43:14"
"kosis_business_survey\codebook\2002년_광업제조업통계조사표3(정보통신부문).pdf","79.09","2026-04-10 오후 4:43:14"
"kosis_business_survey\codebook\2005_조사개요.hwp","32","2026-04-10 오후 5:34:48"
"kosis_business_survey\codebook\2005년기준광업제조업조사표1.hwp","130","2026-04-10 오후 5:34:48"
"kosis_business_survey\codebook\2005년기준광업제조업조사표1.pdf","347.68","2026-04-10 오후 5:34:48"
"kosis_business_survey\codebook\2006년 광업제조업조사표.hwp","128","2026-04-10 오후 5:34:48"
"kosis_business_survey\codebook\2006년 광업제조업조사표.pdf","350.19","2026-04-10 오후 5:34:48"
"kosis_business_survey\codebook\2007년_기준_광업제조업조사표(최종).pdf","415.99","2026-04-10 오후 5:34:48"
"kosis_business_survey\codebook\2008광업·제조업조사표.pdf","828.65","2026-04-10 오후 5:34:48"
"kosis_business_survey\codebook\2009광업·제조-조사표.pdf","1093.5","2026-04-10 오후 5:34:48"
"kosis_business_survey\codebook\2010경제총조사 업종별조사표(광업,제조업).PDF","735.8","2026-04-10 오후 6:01:22"
"kosis_business_survey\codebook\2010경총_설계서및코드집(광제조업).xls","688.5","2026-04-10 오후 6:01:22"
"kosis_business_survey\codebook\2010년 경제총조사(광업제조업 부문)와 광업제조업조사 비교.hwp","23.5","2026-04-10 오후 6:01:22"
"kosis_business_survey\codebook\2011_광업·제조업조사_연간자료(제공)_파일설계서(공공용).xlsx","182.43","2026-04-10 오후 6:00:22"
"kosis_business_survey\codebook\2011_광업제조업조사_연간자료(제공)_조사표.pdf","151.08","2026-04-10 오후 6:00:22"
"kosis_business_survey\codebook\2012년 기준 광업제조업조사표.pdf","414.79","2026-04-10 오후 6:00:22"
"kosis_business_survey\codebook\2013년 기준 광업제조업조사표.pdf","413.36","2026-04-10 오후 6:00:22"
"kosis_business_survey\codebook\2014년 기준 광업제조업조사표.pdf","1271.74","2026-04-10 오후 6:00:22"
"kosis_business_survey\codebook\6 2016년 기준 광업제조업 조사표(PDF).pdf","602.79","2026-04-10 오후 6:00:22"
"kosis_business_survey\codebook\mdis_2012_광업제조업조사_설계서.xlsx","200.49","2026-04-10 오후 6:00:22"
"kosis_business_survey\codebook\mdis_2013_광업제조업조사_설계서(제공).xlsx","192.24","2026-04-10 오후 6:00:22"
"kosis_business_survey\codebook\ms2006_조사개요.hwp","37.97","2026-04-10 오후 5:34:48"
"kosis_business_survey\codebook\ms_1993-2003_공단부호.xls","437.5","2026-04-10 오후 4:43:14"
"kosis_business_survey\codebook\ms_2000_조사개요.hwp","21","2026-04-10 오후 4:43:14"
"kosis_business_survey\codebook\ms_2000_조사표.hwp","96","2026-04-10 오후 4:43:14"
"kosis_business_survey\codebook\ms_2000_조사표.pdf","278.18","2026-04-10 오후 4:43:14"
"kosis_business_survey\codebook\ms_2000_코드및설계서.md","207.51","2026-05-01 오전 11:41:44"
"kosis_business_survey\codebook\ms_2000_코드및설계서.xls","498","2026-04-10 오후 4:43:14"
"kosis_business_survey\codebook\ms_2001_조사개요.hwp","22.5","2026-04-10 오후 4:43:14"
"kosis_business_survey\codebook\ms_2001_조사표(종합).hwp","421.61","2026-04-10 오후 4:43:14"
"kosis_business_survey\codebook\ms_2001_조사표(종합).pdf","583.63","2026-04-10 오후 4:43:14"
"kosis_business_survey\codebook\ms_2001_코드및설계서_1.xls","445","2026-04-10 오후 4:43:14"
"kosis_business_survey\codebook\ms_2002_조사개요.hwp","24.5","2026-04-10 오후 4:43:14"
"kosis_business_survey\codebook\ms_2002_조사표(정보통신부문).hwp","14.5","2026-04-10 오후 4:43:14"
"kosis_business_survey\codebook\ms_2002_조사표(정보통신부문).pdf","108.13","2026-04-10 오후 4:43:14"
"kosis_business_survey\codebook\ms_2002_코드및설계서_1.xls","500","2026-04-10 오후 4:43:14"
"kosis_business_survey\codebook\ms_2003_조사개요.hwp","55.5","2026-04-10 오후 4:43:14"
"kosis_business_survey\codebook\ms_2003_코드및설계서_1.xls","393","2026-04-10 오후 4:43:14"
"kosis_business_survey\codebook\ms_2004_조사개요.hwp","80","2026-04-10 오후 4:43:14"
"kosis_business_survey\codebook\ms_2004_조사표.hwp","1045","2026-04-10 오후 4:43:14"
"kosis_business_survey\codebook\ms_2004_조사표.pdf","442.91","2026-04-10 오후 4:43:14"
"kosis_business_survey\codebook\ms_2004_코드및설계서_1.xls","498.5","2026-04-10 오후 4:43:14"
"kosis_business_survey\codebook\ms_2005_코드및설계서_1.xls","483","2026-04-10 오후 5:34:48"
"kosis_business_survey\codebook\ms_2006_코드및설계서.xls","542","2026-04-10 오후 5:34:48"
"kosis_business_survey\codebook\ms_2007_코드및설계서(0127)).xls","560","2026-04-10 오후 5:34:48"
"kosis_business_survey\codebook\ms_2008_코드_및_설계서.xls","459.5","2026-04-10 오후 5:34:48"
"kosis_business_survey\codebook\ms_2009_코드_및_설계서.xls","539","2026-04-10 오후 5:34:48"
"kosis_business_survey\codebook\ms_2014_코드_및_설계서(제공).xls","584","2026-04-10 오후 6:00:22"
"kosis_business_survey\codebook\공장용(4인이하) 조사표.hwp","176","2026-04-10 오후 4:43:14"
"kosis_business_survey\codebook\공장용(4인이하) 조사표.pdf","215.06","2026-04-10 오후 4:43:14"
"kosis_business_survey\codebook\공장용(5인이상).hwp","286","2026-04-10 오후 4:43:14"
"kosis_business_survey\codebook\공장용(5인이상).pdf","975.21","2026-04-10 오후 4:43:14"
"kosis_business_survey\codebook\광업·제조업조사(2007조사개요).html","87.93","2026-04-10 오후 5:34:48"
"kosis_business_survey\codebook\광업·제조업조사(2008)조사개요.html","82.21","2026-04-10 오후 5:34:48"
"kosis_business_survey\codebook\광업·제조업조사_조사개요(2009~2009).html","78.5","2026-04-10 오후 5:34:48"
"kosis_business_survey\codebook\자료 이용시 주의사항.hwpx","42.97","2026-04-10 오후 5:34:48"
"kosis_business_survey\codebook\파일설계서_2016_광업제조업조사(제공).xls","657","2026-04-10 오후 6:00:22"
"kosis_business_survey\ksic_version_concordance\8차_9차개정 연계표.xls","662","2026-04-11 오후 7:31:16"
"kosis_business_survey\ksic_version_concordance\KSIC연계표(9차_10차).xlsx","139.45","2026-04-11 오후 7:31:28"
"kosis_business_survey\ksic_version_concordance\한국표준산업분류 제11차-제10차 연계표.xlsx","102.71","2026-04-10 오후 7:10:06"
"kosis_business_survey\microdata_1994_2024\1994_연간자료_20260415_74722.csv","98719","2026-04-15 오후 1:02:58"
"kosis_business_survey\microdata_1994_2024\1995_연간자료_20260415_74722.csv","108617.71","2026-04-15 오후 1:02:52"
"kosis_business_survey\microdata_1994_2024\1996_연간자료_20260415_74722.csv","165261.96","2026-04-15 오후 1:02:46"
"kosis_business_survey\microdata_1994_2024\1997_연간자료_20260415_74722.csv","190202.77","2026-04-15 오후 1:02:38"
"kosis_business_survey\microdata_1994_2024\1998_연간자료_20260415_74722.csv","185620.94","2026-04-15 오후 1:02:30"
"kosis_business_survey\microdata_1994_2024\1999_연간자료_20260415_35230.csv","195070.31","2026-04-15 오후 1:04:30"
"kosis_business_survey\microdata_1994_2024\2000_연간자료_20260410_52321.csv","26710.5","2026-04-10 오후 4:38:36"
"kosis_business_survey\microdata_1994_2024\2001_연간자료_20260410_52321.csv","28784.8","2026-04-10 오후 4:38:32"
"kosis_business_survey\microdata_1994_2024\2002_연간자료_20260410_52321.csv","30102.21","2026-04-10 오후 4:38:26"
"kosis_business_survey\microdata_1994_2024\2003_연간자료_20260410_52321.csv","32110.94","2026-04-10 오후 4:38:22"
"kosis_business_survey\microdata_1994_2024\2004_연간자료_20260410_52321.csv","31468.46","2026-04-10 오후 4:38:18"
"kosis_business_survey\microdata_1994_2024\2005_연간자료_20260410_27875.csv","33217.24","2026-04-10 오후 4:39:52"
"kosis_business_survey\microdata_1994_2024\2006_연간자료_20260410_27875.csv","33989.96","2026-04-10 오후 4:39:48"
"kosis_business_survey\microdata_1994_2024\2007_연간자료_20260410_27875.csv","19392.1","2026-04-10 오후 4:39:44"
"kosis_business_survey\microdata_1994_2024\2008_연간자료_20260410_27875.csv","17332.83","2026-04-10 오후 4:39:42"
"kosis_business_survey\microdata_1994_2024\2009_연간자료_20260410_27875.csv","17362.97","2026-04-10 오후 4:39:40"
"kosis_business_survey\microdata_1994_2024\2010_광업제조업_20260410_48393.csv","81822.99","2026-04-10 오후 5:58:44"
"kosis_business_survey\microdata_1994_2024\2011_연간자료_20260410_47300.csv","18915.6","2026-04-10 오후 4:41:44"
"kosis_business_survey\microdata_1994_2024\2012_연간자료_20260410_47300.csv","19225.7","2026-04-10 오후 4:41:42"
"kosis_business_survey\microdata_1994_2024\2013_연간자료_20260410_50697.csv","21425.59","2026-04-10 오후 6:51:38"
"kosis_business_survey\microdata_1994_2024\2014_연간자료_20260410_50697.csv","23505.83","2026-04-10 오후 6:51:36"
"kosis_business_survey\microdata_1994_2024\2015_광업_제조업10인이상_20260410_06863.csv","21053.6","2026-04-10 오후 6:22:14"
"kosis_business_survey\microdata_1994_2024\2016_연간자료_20260410_50697.csv","21922.78","2026-04-10 오후 6:51:32"
"kosis_business_survey\microdata_1994_2024\2017_연간자료_20260411_09640.csv","20762.16","2026-04-11 오후 2:44:40"
"kosis_business_survey\microdata_1994_2024\2018_연간자료_20260411_09640.csv","20871.21","2026-04-11 오후 2:44:36"
"kosis_business_survey\microdata_1994_2024\2019_연간자료_20260411_09640.csv","20930.05","2026-04-11 오후 2:44:32"
"kosis_business_survey\microdata_1994_2024\2020_광업_제조업10인이상(B,C)(KOSIS특성편)_20260410_47313.csv","23319.8","2026-04-10 오후 6:22:56"
"kosis_business_survey\microdata_1994_2024\2021_연간자료_20260411_09640.csv","21753.66","2026-04-11 오후 2:44:28"
"kosis_business_survey\microdata_1994_2024\2022_연간자료_20260411_09640.csv","22033.51","2026-04-11 오후 2:44:24"
"kosis_business_survey\microdata_1994_2024\2023_연간자료_20260411_52941.csv","21736.68","2026-04-11 오후 2:44:50"
"kosis_business_survey\microdata_1994_2024\2024_연간자료_20260411_52941.csv","22246.16","2026-04-11 오후 2:44:46"
"kosis_family_mediators\시군구 이혼.xls","7891.37","2026-04-19 오후 6:30:58"
"kosis_family_mediators\시군구 출생아.xls","2201.12","2026-04-19 오후 6:33:08"
"kosis_family_mediators\시군구 혼인.xls","7929.16","2026-04-19 오후 6:29:34"
"kosis_family_mediators\시군구_합계출산율.xlsx","102.26","2026-04-19 오후 6:34:14"
"kosis_housing\주택매매가격지수.csv","8.81","2026-04-08 오후 6:10:00"
"kosis_industry_summary\101_DT_1F160622_20260408180001.csv","217.76","2026-04-08 오후 6:00:04"
"kosis_industry_summary\101_DT_1FS1001_20260408175924.csv","233","2026-04-08 오후 5:59:28"
"kosis_industry_summary\408_DT_40803_N0001_20260408181051.csv","743.58","2026-04-08 오후 6:10:54"
"kosis_industry_summary\시도_시군구__산업분류별_주요지표_10명_이상__20260408175720.csv","73.47","2026-04-08 오후 5:57:22"
"kosis_industry_summary\시도_시군구__산업분류별_주요지표_10인_이상__20260408175814.csv","87.31","2026-04-08 오후 5:58:16"
"kosis_population\101_DT_1B040M5_20260501153816.csv","4757.43","2026-05-01 오후 3:38:20"
"kosis_population\101_DT_1B040M5_20260501153839.csv","11105.07","2026-05-01 오후 3:38:46"
"kosis_population\101_DT_1B040M5_20260501153856.csv","11322.71","2026-05-01 오후 3:39:08"
"kosis_population\101_DT_1B040M5_20260501153918.csv","5014.88","2026-05-01 오후 3:39:22"
"kosis_population\population_combined.csv","26128.97","2026-05-01 오후 3:43:19"
"kosis_population\population_combined.parquet","1636.76","2026-05-01 오후 3:43:19"
"kosis_welfare_recipients\1_1.복지사업 시군구별 수급권자 현황(2017년 12월).csv","121.74","2017-01-17 오전 9:54:56"
"kosis_welfare_recipients\1_1.복지사업 시군구별 수급권자 현황(2017년 12월).xls","298.5","2017-01-17 오전 9:47:34"
"kosis_welfare_recipients\복지사업 시군구별 수급권자 현황(2012년 12월).csv","72.16","2016-05-18 오후 2:55:06"
"kosis_welfare_recipients\복지사업 시군구별 수급권자 현황(2012년 12월).xlsx","70.58","2016-03-15 오후 3:09:58"
"kosis_welfare_recipients\복지사업 시군구별 수급권자 현황(2013년 12월).csv","72.12","2016-05-18 오후 2:55:34"
"kosis_welfare_recipients\복지사업 시군구별 수급권자 현황(2013년 12월).xlsx","70.76","2016-03-15 오후 3:09:58"
"kosis_welfare_recipients\복지사업 시군구별 수급권자 현황(2014년 12월).csv","71.35","2020-08-13 오후 12:16:38"
"kosis_welfare_recipients\복지사업 시군구별 수급권자 현황(2014년 12월).xlsx","77.63","2016-03-15 오후 3:09:58"
"kosis_welfare_recipients\복지사업 시군구별 수급권자 현황(2015년 12월).csv","125.76","2017-09-19 오전 9:39:42"
"kosis_welfare_recipients\복지사업 시군구별 수급권자 현황(2015년 12월).xls","302","2017-09-18 오후 5:57:18"
"kosis_welfare_recipients\복지사업 시군구별 수급권자 현황(2016년 12월).csv","124.47","2017-09-19 오전 9:39:08"
"kosis_welfare_recipients\복지사업 시군구별 수급권자 현황(2016년 12월).xls","298.5","2017-01-08 오전 9:13:44"
"kosis_welfare_recipients\복지사업 시군구별 수급권자 현황(2018년 12월).csv","124.83","2019-04-11 오전 9:56:06"
"kosis_welfare_recipients\복지사업 시군구별 수급권자 현황(2018년 12월).xlsx","113.51","2018-07-19 오후 2:04:30"
"kosis_welfare_recipients\복지사업 시군구별 수급권자 현황(2019년 12월).csv","121.94","2020-07-16 오후 4:06:34"
"kosis_welfare_recipients\복지사업 시군구별 수급권자 현황(2019년 12월).xlsx","116.51","2020-07-17 오후 3:46:44"
"kosis_welfare_recipients\이전꺼\(2003년)기초생활보장+수급자+급여집행실적.xls","16.5","2026-04-13 오후 5:55:56"
"kosis_welfare_recipients\이전꺼\2005+국민기초생활보장+수급자현황(최종본).docx","4322.71","2026-04-13 오후 6:00:00"
"kosis_welfare_recipients\이전꺼\2006_국민기초생활보장_수급자_현황.docx","4076.46","2026-04-13 오후 6:22:24"
"kosis_welfare_recipients\이전꺼\2007년_국민기초생활보장_수급자_현황.docx","4080.36","2026-04-13 오후 6:23:42"
"kosis_welfare_recipients\이전꺼\2008년+국민기초생활보장+수급자+현황.docx","1243.31","2026-04-13 오후 6:30:56"
"kosis_welfare_recipients\이전꺼\2009년_국민기초생활보장_수급자_현황.pdf","1613.13","2026-04-13 오후 6:25:38"
"kosis_welfare_recipients\이전꺼\2010년_국민기초생활보장_수급자_현황.pdf","1836.08","2026-04-13 오후 6:25:48"
"kosis_welfare_recipients\이전꺼\2011년+국민기초생활보장+수급자+현황.pdf","3543.3","2026-04-13 오후 6:26:48"
"kosis_welfare_recipients\이전꺼\[2003년]국민기초생활보장+수급자현황.docx","149.34","2026-04-13 오후 5:54:16"
"kosis_welfare_recipients\이전꺼\기초생활보장수급자현황(2004년).docx","3703.22","2026-04-13 오후 5:57:44"
"kostat_mortality_aggregated\시군구_사망원인.csv","39393.27","2026-04-19 오후 7:06:40"
"kostat_mortality_aggregated\시도_사망원인_104항목__성별_연령표준화_사망률_1996__20260408173748.csv","7.68","2026-04-08 오후 5:37:50"
"mortality_kostat\(수정_보건복지) 파일설계서_(공공용)2000~2007년_사망원인통계_B형.xlsx","124.82","2026-04-11 오전 12:19:26"
"mortality_kostat\(수정_보건복지) 파일설계서_(공공용)2008~2009년_사망원인통계_B형.xlsx","125.09","2026-04-11 오전 12:46:56"
"mortality_kostat\2020_사망원인통계_사망연간자료(제공)_업무개요.hwp","19","2026-04-11 오전 1:08:38"
"mortality_kostat\2020_사망원인통계_사망연간자료(제공)_코드집(질병분류코드).xlsx","5898.19","2026-04-11 오전 1:08:38"
"mortality_kostat\usrcnfrm\사망원인통계_사망연간자료_코드집(8차질병분류코드).xlsx","3964.32","2026-05-01 오전 10:26:59"
"mortality_kostat\usrcnfrm\시군구코드집(공공용)_사망원인통계_사망_연간자료_B형(제공)_1997.xlsx","84.49","2026-05-01 오전 10:27:00"
"mortality_kostat\usrcnfrm\시군구코드집(공공용)_사망원인통계_사망_연간자료_B형(제공)_1998.xlsx","84.49","2026-05-01 오전 10:27:00"
"mortality_kostat\usrcnfrm\시군구코드집(공공용)_사망원인통계_사망_연간자료_B형(제공)_1999.xlsx","84.49","2026-05-01 오전 10:27:00"
"mortality_kostat\usrcnfrm\자료 이용시 주의사항.hwpx","42.97","2026-05-01 오전 10:26:59"
"mortality_kostat\usrcnfrm\조사개요_1999_사망원인통계(1999).zip","6.84","2026-05-01 오전 10:27:00"
"mortality_kostat\usrcnfrm\조사개요_인구동향조사_1997.zip","8.88","2026-05-01 오전 10:26:59"
"mortality_kostat\usrcnfrm\조사개요_인구동향조사_1998.zip","9.13","2026-05-01 오전 10:27:00"
"mortality_kostat\usrcnfrm\조사표_사망원인통계_사망신고서_1997.pdf","2831.84","2026-05-01 오전 10:27:00"
"mortality_kostat\usrcnfrm\조사표_사망원인통계_사망신고서_1998.pdf","2831.84","2026-05-01 오전 10:27:00"
"mortality_kostat\usrcnfrm\조사표_사망원인통계_사망신고서_1999.pdf","2647.16","2026-05-01 오전 10:27:01"
"mortality_kostat\usrcnfrm\파일설계서(공공용)_사망원인통계_사망_연간자료_B형(제공)_1997(코드집포함).xlsx","49.53","2026-05-01 오전 10:27:00"
"mortality_kostat\usrcnfrm\파일설계서(공공용)_사망원인통계_사망_연간자료_B형(제공)_1998(코드집포함).xlsx","49.37","2026-05-01 오전 10:27:00"
"mortality_kostat\usrcnfrm\파일설계서(공공용)_사망원인통계_사망_연간자료_B형(제공)_1999(코드집포함).xlsx","49.42","2026-05-01 오전 10:27:00"
"mortality_kostat\usrcnfrm\파일설계서(공공용)_사망원인통계_사망연간자료B형(제공)_2023(코드집포함).xlsx","68.93","2026-05-01 오후 2:00:43"
"mortality_kostat\usrcnfrm\파일설계서_(공공용)1997_1999년_사망원인통계_B형.xlsx","117.86","2026-05-01 오전 10:27:00"
"mortality_kostat\usrcnfrm\파일설계서_질병사인분류코드_7차개정.xlsx","6195.27","2026-05-01 오전 10:27:00"
"mortality_kostat\사망사료 정리\1997_사망_연간자료_B형_20260414_78489.csv","13333.31","2026-04-14 오후 7:31:26"
"mortality_kostat\사망사료 정리\1998_사망_연간자료_B형_20260414_78489.csv","13726.43","2026-04-14 오후 7:31:24"
"mortality_kostat\사망사료 정리\1999_사망_연간자료_B형_20260414_78489.csv","13836.69","2026-04-14 오후 7:31:24"
"mortality_kostat\사망사료 정리\2000_사망_연간자료_B형_20260410_07467.csv","14396.64","2026-04-10 오후 3:13:40"
"mortality_kostat\사망사료 정리\2001_사망_연간자료_B형_20260410_07467.csv","14089.03","2026-04-10 오후 3:13:38"
"mortality_kostat\사망사료 정리\2002_사망_연간자료_B형_20260410_07467.csv","14327.77","2026-04-10 오후 3:13:38"
"mortality_kostat\사망사료 정리\2003_사망_연간자료_B형_20260410_07467.csv","14268.8","2026-04-10 오후 3:13:38"
"mortality_kostat\사망사료 정리\2004_사망_연간자료_B형_20260410_07467.csv","14250.91","2026-04-10 오후 3:13:38"
"mortality_kostat\사망사료 정리\2005_사망_연간자료_B형_20260410_50997.csv","14224.82","2026-04-10 오후 3:14:24"
"mortality_kostat\사망사료 정리\2006_사망_연간자료_B형_20260410_50997.csv","14124.5","2026-04-10 오후 3:14:24"
"mortality_kostat\사망사료 정리\2007_사망_연간자료_B형_20260410_50997.csv","14255.3","2026-04-10 오후 3:14:24"
"mortality_kostat\사망사료 정리\2008_사망_연간자료_B형_20260410_50997.csv","14479.51","2026-04-10 오후 3:14:22"
"mortality_kostat\사망사료 정리\2009_사망_연간자료_B형_20260410_50997.csv","14537.99","2026-04-10 오후 3:14:22"
"mortality_kostat\사망사료 정리\2010_사망_연간자료_B형_20260410_98266.csv","15039.68","2026-04-10 오후 3:15:10"
"mortality_kostat\사망사료 정리\2011_사망_연간자료_B형_20260410_98266.csv","15158.46","2026-04-10 오후 3:15:10"
"mortality_kostat\사망사료 정리\2012_사망_연간자료_B형_20260410_98266.csv","15738.17","2026-04-10 오후 3:15:08"
"mortality_kostat\사망사료 정리\2013_사망_연간자료_B형_20260410_98266.csv","15680.96","2026-04-10 오후 3:15:08"
"mortality_kostat\사망사료 정리\2014_사망_연간자료_B형_20260410_98266.csv","15768.7","2026-04-10 오후 3:15:08"
"mortality_kostat\사망사료 정리\2015_사망_연간자료_B형_20260410_30205.csv","16251.9","2026-04-10 오후 3:15:44"
"mortality_kostat\사망사료 정리\2016_사망_연간자료_B형_20260410_30205.csv","16538.94","2026-04-10 오후 3:15:44"
"mortality_kostat\사망사료 정리\2017_사망_연간자료_B형_20260410_30205.csv","16814.84","2026-04-10 오후 3:15:44"
"mortality_kostat\사망사료 정리\2018_사망_연간자료_B형_20260410_30205.csv","17593.81","2026-04-10 오후 3:15:42"
"mortality_kostat\사망사료 정리\2019_사망_연간자료_B형_20260410_30205.csv","17374.91","2026-04-10 오후 3:15:42"
"mortality_kostat\사망사료 정리\2020_사망_연간자료_B형_20260410_64844.csv","17944.55","2026-04-10 오후 3:16:18"
"mortality_kostat\사망사료 정리\2021_사망_연간자료_B형_20260410_64844.csv","18682.71","2026-04-10 오후 3:16:18"
"mortality_kostat\사망사료 정리\2022_사망_연간자료_B형_20260410_64844.csv","21942.98","2026-04-10 오후 3:16:16"
"mortality_kostat\사망사료 정리\2023_사망_연간자료_B형_20260410_64844.csv","21417.67","2026-04-10 오후 3:16:16"
"mortality_kostat\사망사료 정리\2024_사망_연간자료_B형_20260410_64844.csv","21086.07","2026-04-10 오후 3:16:14"
"nhis_health\(3)2009국민건강통계_국민건강영양조사제4기3차년도(2009).pdf","34624.73","2026-04-29 오후 6:37:36"
"nhis_health\1.국민건강보험공단_의약품처방정보_2023_1.CSV","817320.2","2024-08-05 오후 8:56:12"
"nhis_health\2.국민건강보험공단_의약품처방정보_2023_2.CSV","822611.14","2024-08-05 오후 9:04:56"
"nhis_health\2024국민건강통계.zip","162780.39","2026-04-29 오후 6:40:08"
"nhis_health\3.국민건강보험공단_의약품처방정보_2023_3.CSV","822904.66","2024-08-05 오후 9:26:42"
"nhis_health\4.국민건강보험공단_의약품처방정보_(별첨)주성분코드변환내역.csv","15.71","2024-08-09 오전 11:37:48"
"nhis_health\5.국민건강보험공단_의약품처방정보 사용자 매뉴얼_2023.hwpx","58.64","2024-08-13 오후 1:24:48"
"nhis_health\NHIS_OPEN_T20_2002.CSV","416530.07","2016-09-26 오전 10:26:20"
"nhis_health\NHIS_OPEN_T20_2002.zip","101268.06","2026-04-29 오후 6:21:48"
"nhis_health\국민건강보험공단_건강검진정보 사용자 매뉴얼_2024.hwpx","65.34","2025-07-29 오후 5:31:26"
"nhis_health\국민건강보험공단_건강검진정보_2024.CSV","89841.06","2025-07-29 오후 5:40:26"
"nhis_health\국민건강보험공단_건강검진정보_20241231.zip","23105.75","2026-04-29 오후 6:18:40"
"nhis_health\국민건강보험공단_의약품처방정보_2023.zip","431112.95","2026-04-29 오후 9:34:44"
"nhis_health\국민건강보험공단_진료내역정보 사용자 매뉴얼_2023.hwpx","68.28","2024-08-13 오후 1:19:34"
"nhis_health\국민건강보험공단_진료내역정보_2023.CSV","1140582.98","2024-08-05 오후 8:42:58"
"nhis_health\국민건강보험공단_진료내역정보_2023.zip","316547.75","2026-04-29 오후 6:22:14"
"nhis_health\국민건강통계_2024_엑셀\00. 2024 국민건강통계 표목록.xlsx","31.62","2025-12-31 오전 10:40:52"
"nhis_health\국민건강통계_2024_엑셀\01. 흡연.xlsx","782.57","2025-12-31 오전 11:03:32"
"nhis_health\국민건강통계_2024_엑셀\02. 음주.xlsx","579.96","2025-12-31 오전 11:04:08"
"nhis_health\국민건강통계_2024_엑셀\03. 신체활동.xlsx","279","2025-12-31 오전 11:04:40"
"nhis_health\국민건강통계_2024_엑셀\04. 정신건강.xlsx","230.7","2025-12-31 오전 11:05:02"
"nhis_health\국민건강통계_2024_엑셀\05. 손상 및 안전의식.xlsx","371.04","2025-12-31 오전 11:05:26"
"nhis_health\국민건강통계_2024_엑셀\06. 건강검진 및 예방접종.xlsx","181.92","2025-12-31 오전 11:05:50"
"nhis_health\국민건강통계_2024_엑셀\07. 의료이용.xlsx","356.46","2025-12-31 오전 11:07:12"
"nhis_health\국민건강통계_2024_엑셀\08. 삶의 질.xlsx","376.96","2025-12-31 오전 11:06:36"
"nhis_health\국민건강통계_2024_엑셀\09. 식품 섭취.xlsx","1616.82","2025-12-31 오후 3:37:02"
"nhis_health\국민건강통계_2024_엑셀\10. 영양소 섭취.xlsx","1436.34","2026-02-02 오후 3:02:12"
"nhis_health\국민건강통계_2024_엑셀\11. 급원식품.xlsx","175.16","2025-12-31 오후 3:37:58"
"nhis_health\국민건강통계_2024_엑셀\12. 영양소별 섭취기준 대비비율.xlsx","796.47","2025-12-31 오후 3:41:40"
"nhis_health\국민건강통계_2024_엑셀\13. 영양 부족 및 과잉.xlsx","369.83","2025-12-31 오후 3:39:16"
"nhis_health\국민건강통계_2024_엑셀\14. 식생활행태.xlsx","731.04","2025-12-31 오후 3:39:42"
"nhis_health\국민건강통계_2024_엑셀\15. 비만.xlsx","245.25","2025-12-31 오전 10:49:50"
"nhis_health\국민건강통계_2024_엑셀\16. 고혈압.xlsx","173.49","2025-12-31 오전 10:49:22"
"nhis_health\국민건강통계_2024_엑셀\17. 당뇨병.xlsx","166.88","2025-12-31 오전 10:48:38"
"nhis_health\국민건강통계_2024_엑셀\18. 이상지질혈증.xlsx","238.73","2025-12-31 오전 10:58:30"
"nhis_health\국민건강통계_2024_엑셀\19. 간염.xlsx","83.46","2025-12-31 오전 10:58:46"
"nhis_health\국민건강통계_2024_엑셀\20. 빈혈.xlsx","66.66","2025-12-31 오전 10:46:44"
"nhis_health\국민건강통계_2024_엑셀\21. 만성콩팥병.xlsx","48.35","2025-12-31 오전 10:46:28"
"nhis_health\국민건강통계_2024_엑셀\22. 구강건강.xlsx","151.76","2025-12-31 오전 10:46:06"
"nhis_health\국민건강통계_2024_엑셀\23. 굴절이상.xlsx","169.92","2025-12-31 오전 10:45:34"
"nhis_health\국민건강통계_2024_엑셀\24. 악력.xlsx","74.11","2025-12-31 오전 10:45:12"
"nhis_health\국민건강통계_2024_엑셀\25. 만성폐쇄성폐질환.xlsx","48.2","2025-12-31 오전 10:44:32"
"nhis_health\국민건강통계_2024_엑셀\26. 골다공증.xlsx","197.75","2025-12-31 오전 10:44:10"
"nhis_health\국민건강통계_2024_엑셀\27. 의사진단경험.xlsx","222.06","2025-12-31 오후 2:44:50"
"nhis_health\국민건강통계_2024_엑셀\28. 국내외지표자료(OECD, WHO, HP2030).xlsx","88.9","2025-12-31 오후 2:39:46"
"nhis_health\국민건강통계_2024_한글\2024 국민건강통계.hwp","108870.5","2025-12-31 오후 2:38:12"
"nhis_health\국민건강통계_2024_한글\2024 국민건강통계.pdf","66434.7","2025-12-31 오후 2:11:54"
"research_materials\222222222.csv","6935.6","2026-05-01 오전 9:58:26"
"research_materials\8.한국표준산업분류 제11차-국제표준산업분류 제4차 연계표_20240626043559.xlsx","95.01","2026-05-01 오전 9:58:26"
"research_materials\cpc21-hs2012.txt","125.47","2026-05-01 오전 9:58:26"
"research_materials\cpc21-isic4.txt","53.03","2026-05-01 오전 9:58:26"
"research_materials\2%_표본_인구_20260430_43590_데이터\1990_2%_표본_인구_20260430_43590.csv","18176","2026-05-01 오전 9:57:03"
"research_materials\2%_표본_인구_20260430_43590_데이터\1995_2%_표본_인구_20260430_43590.csv","53758.21","2026-05-01 오전 5:01:52"
"research_materials\2%_표본_인구_20260430_43590_데이터\2000_2%_표본_인구_20260430_43590.csv","90992.75","2026-05-01 오전 5:01:48"
"research_materials\2%_표본_인구_20260430_43590_데이터\2005_2%_표본_인구_20260430_43590.csv","102979.9","2026-05-01 오전 5:01:46"
"research_materials\2%_표본_인구_20260430_43590_데이터\2010_2%_표본_인구_20260430_43590.csv","107596","2026-05-01 오전 9:56:40"
"research_materials\복지사업 시군구별 수급권자 현황(2012년 12월)\1_1.복지사업 시군구별 수급권자 현황(2017년 12월).csv","121.74","2026-05-01 오전 9:58:26"
"research_materials\복지사업 시군구별 수급권자 현황(2012년 12월)\1_1.복지사업 시군구별 수급권자 현황(2017년 12월).xls","298.5","2026-05-01 오전 9:58:26"
"research_materials\복지사업 시군구별 수급권자 현황(2012년 12월)\복지사업 시군구별 수급권자 현황(2012년 12월).csv","72.16","2026-05-01 오전 9:58:26"
"research_materials\복지사업 시군구별 수급권자 현황(2012년 12월)\복지사업 시군구별 수급권자 현황(2012년 12월).xlsx","70.58","2026-05-01 오전 9:58:26"
"research_materials\복지사업 시군구별 수급권자 현황(2012년 12월)\복지사업 시군구별 수급권자 현황(2013년 12월).csv","72.12","2026-05-01 오전 9:58:26"
"research_materials\복지사업 시군구별 수급권자 현황(2012년 12월)\복지사업 시군구별 수급권자 현황(2013년 12월).xlsx","70.76","2026-05-01 오전 9:58:26"
"research_materials\복지사업 시군구별 수급권자 현황(2012년 12월)\복지사업 시군구별 수급권자 현황(2014년 12월).csv","71.35","2026-05-01 오전 9:58:26"
"research_materials\복지사업 시군구별 수급권자 현황(2012년 12월)\복지사업 시군구별 수급권자 현황(2014년 12월).xlsx","77.63","2026-05-01 오전 9:58:26"
"research_materials\복지사업 시군구별 수급권자 현황(2012년 12월)\복지사업 시군구별 수급권자 현황(2015년 12월).csv","125.76","2026-05-01 오전 9:58:26"
"research_materials\복지사업 시군구별 수급권자 현황(2012년 12월)\복지사업 시군구별 수급권자 현황(2015년 12월).xls","302","2026-05-01 오전 9:58:26"
"research_materials\복지사업 시군구별 수급권자 현황(2012년 12월)\복지사업 시군구별 수급권자 현황(2016년 12월).csv","124.47","2026-05-01 오전 9:58:26"
"research_materials\복지사업 시군구별 수급권자 현황(2012년 12월)\복지사업 시군구별 수급권자 현황(2016년 12월).xls","298.5","2026-05-01 오전 9:58:26"
"research_materials\복지사업 시군구별 수급권자 현황(2012년 12월)\복지사업 시군구별 수급권자 현황(2018년 12월).csv","124.83","2026-05-01 오전 9:58:26"
"research_materials\복지사업 시군구별 수급권자 현황(2012년 12월)\복지사업 시군구별 수급권자 현황(2018년 12월).xlsx","113.51","2026-05-01 오전 9:58:26"
"research_materials\복지사업 시군구별 수급권자 현황(2012년 12월)\복지사업 시군구별 수급권자 현황(2019년 12월).csv","121.94","2026-05-01 오전 9:58:26"
"research_materials\복지사업 시군구별 수급권자 현황(2012년 12월)\복지사업 시군구별 수급권자 현황(2019년 12월).xlsx","116.51","2026-05-01 오전 9:58:26"
"research_materials\복지사업 시군구별 수급권자 현황(2012년 12월)\이전꺼\(2003년)기초생활보장+수급자+급여집행실적.xls","16.5","2026-05-01 오전 9:58:26"
"research_materials\복지사업 시군구별 수급권자 현황(2012년 12월)\이전꺼\2005+국민기초생활보장+수급자현황(최종본).docx","4322.71","2026-05-01 오전 9:58:26"
"research_materials\복지사업 시군구별 수급권자 현황(2012년 12월)\이전꺼\2006_국민기초생활보장_수급자_현황.docx","4076.46","2026-05-01 오전 9:58:27"
"research_materials\복지사업 시군구별 수급권자 현황(2012년 12월)\이전꺼\2007년_국민기초생활보장_수급자_현황.docx","4080.36","2026-05-01 오전 9:58:27"
"research_materials\복지사업 시군구별 수급권자 현황(2012년 12월)\이전꺼\2008년+국민기초생활보장+수급자+현황.docx","1243.31","2026-05-01 오전 9:58:27"
"research_materials\복지사업 시군구별 수급권자 현황(2012년 12월)\이전꺼\2009년_국민기초생활보장_수급자_현황.pdf","1613.13","2026-05-01 오전 9:58:28"
"research_materials\복지사업 시군구별 수급권자 현황(2012년 12월)\이전꺼\2010년_국민기초생활보장_수급자_현황.pdf","1836.08","2026-05-01 오전 9:58:28"
"research_materials\복지사업 시군구별 수급권자 현황(2012년 12월)\이전꺼\2011년+국민기초생활보장+수급자+현황.pdf","3543.3","2026-05-01 오전 9:58:28"
"research_materials\복지사업 시군구별 수급권자 현황(2012년 12월)\이전꺼\[2003년]국민기초생활보장+수급자현황.docx","149.34","2026-05-01 오전 9:58:28"
"research_materials\복지사업 시군구별 수급권자 현황(2012년 12월)\이전꺼\기초생활보장수급자현황(2004년).docx","3703.22","2026-05-01 오전 9:58:29"
"research_materials\참고논문\0063JKMS_jkms-27-S33.pdf","446.06","2026-05-01 오전 9:58:29"
"research_materials\참고논문\127_Dauth_Findeisen_Suedekum.docx","649.3","2026-05-01 오전 9:58:29"
"research_materials\참고논문\127_Dauth_Findeisen_Suedekum.pdf","815.25","2026-05-01 오전 9:58:29"
"research_materials\참고논문\1806.07928v5.pdf","893.65","2026-05-01 오전 9:58:29"
"research_materials\참고논문\1806.docx","651.31","2026-05-01 오전 9:58:29"
"research_materials\참고논문\2010.05058v1.pdf","1447.08","2026-05-01 오전 9:58:29"
"research_materials\참고논문\2016094pap.docx","7381","2026-05-01 오전 9:58:30"
"research_materials\참고논문\2016094pap.pdf","3775.25","2026-05-01 오전 9:58:30"
"research_materials\참고논문\annurev-economics-080218-025643.docx","438.28","2026-05-01 오전 9:58:30"
"research_materials\참고논문\annurev-economics-080218-025643.pdf","1559.76","2026-05-01 오전 9:58:31"
"research_materials\참고논문\Autor-Dorn-Hanson-ChinaSyndrome.docx","244.49","2026-05-01 오전 9:58:31"
"research_materials\참고논문\Autor-Dorn-Hanson-ChinaSyndrome.pdf","999.7","2026-05-01 오전 9:58:31"
"research_materials\참고논문\BFI_WP_2023-109.docx","100.64","2026-05-01 오전 9:58:31"
"research_materials\참고논문\BFI_WP_2023-109.pdf","352.62","2026-05-01 오전 9:58:31"
"research_materials\참고논문\BFI_WP_2026-33.docx","2027.78","2026-05-01 오전 9:58:31"
"research_materials\참고논문\BFI_WP_2026-33.pdf","2719.49","2026-05-01 오전 9:58:31"
"research_materials\참고논문\borusyak-et-al-2025-a-practical-guide-to-shift-share-instruments.docx","173.38","2026-05-01 오전 9:58:31"
"research_materials\참고논문\borusyak-et-al-2025-a-practical-guide-to-shift-share-instruments.pdf","658.08","2026-05-01 오전 9:58:31"
"research_materials\참고논문\case-deaton-2015-rising-morbidity-and-mortality-in-midlife-among-white-non-hispanic-americans-in-the-21st-century.docx","120.79","2026-05-01 오전 9:58:31"
"research_materials\참고논문\case-deaton-2015-rising-morbidity-and-mortality-in-midlife-among-white-non-hispanic-americans-in-the-21st-century.pdf","666.48","2026-05-01 오전 9:58:31"
"research_materials\참고논문\Colantone-Crino-Ogliari.pdf","259.05","2026-05-01 오전 9:58:31"
"research_materials\참고논문\dp10469.docx","224.64","2026-05-01 오전 9:58:31"
"research_materials\참고논문\dp10469.pdf","282.51","2026-05-01 오전 9:58:31"
"research_materials\참고논문\dp11299.docx","401.67","2026-05-01 오전 9:58:32"
"research_materials\참고논문\dp11299.pdf","1215.51","2026-05-01 오전 9:58:32"
"research_materials\참고논문\dp12924.pdf","18624.62","2026-05-01 오전 9:58:34"
"research_materials\참고논문\hanson_publication_marriage_value.docx","196.26","2026-05-01 오전 9:58:34"
"research_materials\참고논문\hanson_publication_marriage_value.pdf","976.02","2026-05-01 오전 9:58:34"
"research_materials\참고논문\mian-s5.docx","713.03","2026-05-01 오전 9:58:34"
"research_materials\참고논문\mian-s5.pdf","832.47","2026-05-01 오전 9:58:34"
"research_materials\참고논문\pierce_schott_aeri_2020.docx","174.6","2026-05-01 오전 9:58:34"
"research_materials\참고논문\pierce_schott_aeri_2020.pdf","623.34","2026-05-01 오전 9:58:34"
"research_materials\참고논문\ssrn-2668394.pdf","537.12","2026-05-01 오전 9:58:40"
"research_materials\참고논문\ssrn_id2694447_code459177.pdf","419.54","2026-05-01 오전 9:58:40"
"research_materials\참고논문\t0151 (1).docx","4732.91","2026-05-01 오전 9:58:41"
"research_materials\참고논문\t0151.pdf","1683.93","2026-05-01 오전 9:58:41"
"research_materials\참고논문\w23400.docx","1012.96","2026-05-01 오전 9:58:41"
"research_materials\참고논문\w23400.pdf","1376.53","2026-05-01 오전 9:58:41"
"research_materials\참고논문\w24408.docx","467.39","2026-05-01 오전 9:58:41"
"research_materials\참고논문\w24408.pdf","531.51","2026-05-01 오전 9:58:41"
"research_materials\참고논문\w24997.docx","301.6","2026-05-01 오전 9:58:41"
"research_materials\참고논문\w24997.pdf","1123","2026-05-01 오전 9:58:41"
"research_materials\참고논문\w24997.rev1.pdf","687.1","2026-05-01 오전 9:58:42"
"research_materials\참고논문\w25787.docx","1853.17","2026-05-01 오전 9:58:42"
"research_materials\참고논문\w25787.pdf","2709.29","2026-05-01 오전 9:58:42"
"research_materials\참고논문\w5570 (1).docx","4695.06","2026-05-01 오전 9:58:43"
"research_materials\참고논문\w5570.pdf","1856.95","2026-05-01 오전 9:58:43"
"research_materials\참고논문\ssaggregate-main\ssaggregate-main.zip","15763.02","2026-05-01 오전 9:58:36"
"research_materials\참고논문\ssaggregate-main\ssaggregate-main\.gitignore","0.28","2026-05-01 오전 9:58:36"
"research_materials\참고논문\ssaggregate-main\ssaggregate-main\.Rbuildignore","0.09","2026-05-01 오전 9:58:36"
"research_materials\참고논문\ssaggregate-main\ssaggregate-main\DESCRIPTION","0.71","2026-05-01 오전 9:58:40"
"research_materials\참고논문\ssaggregate-main\ssaggregate-main\LICENSE","0.05","2026-05-01 오전 9:58:40"
"research_materials\참고논문\ssaggregate-main\ssaggregate-main\LICENSE.md","1.05","2026-05-01 오전 9:58:40"
"research_materials\참고논문\ssaggregate-main\ssaggregate-main\NAMESPACE","0.31","2026-05-01 오전 9:58:40"
"research_materials\참고논문\ssaggregate-main\ssaggregate-main\README.md","11.67","2026-05-01 오전 9:58:40"
"research_materials\참고논문\ssaggregate-main\ssaggregate-main\README.Rmd","6.04","2026-05-01 오전 9:58:40"
"research_materials\참고논문\ssaggregate-main\ssaggregate-main\ssaggregate.Rproj","0.3","2026-05-01 오전 9:58:40"
"research_materials\참고논문\ssaggregate-main\ssaggregate-main\data\df.rda","1458.7","2026-05-01 오전 9:58:40"
"research_materials\참고논문\ssaggregate-main\ssaggregate-main\data\df_wide.rda","2032.49","2026-05-01 오전 9:58:40"
"research_materials\참고논문\ssaggregate-main\ssaggregate-main\data\industries.rda","2.15","2026-05-01 오전 9:58:40"
"research_materials\참고논문\ssaggregate-main\ssaggregate-main\data\shares.rda","1232.26","2026-05-01 오전 9:58:40"
"research_materials\참고논문\ssaggregate-main\ssaggregate-main\data\shocks.rda","50.22","2026-05-01 오전 9:58:40"
"research_materials\참고논문\ssaggregate-main\ssaggregate-main\data-raw\Autor_Dorn_Hanson_2013.R","0.6","2026-05-01 오전 9:58:36"
"research_materials\참고논문\ssaggregate-main\ssaggregate-main\data-raw\china9107wide.dta","113.22","2026-05-01 오전 9:58:36"
"research_materials\참고논문\ssaggregate-main\ssaggregate-main\data-raw\Cshares.dta","8961.98","2026-05-01 오전 9:58:37"
"research_materials\참고논문\ssaggregate-main\ssaggregate-main\data-raw\empl_ind.dta","32.58","2026-05-01 오전 9:58:37"
"research_materials\참고논문\ssaggregate-main\ssaggregate-main\data-raw\industries.dta","13.05","2026-05-01 오전 9:58:37"
"research_materials\참고논문\ssaggregate-main\ssaggregate-main\data-raw\industry_level.dta","781.48","2026-05-01 오전 9:58:37"
"research_materials\참고논문\ssaggregate-main\ssaggregate-main\data-raw\industry_level_ext.dta","783.07","2026-05-01 오전 9:58:37"
"research_materials\참고논문\ssaggregate-main\ssaggregate-main\data-raw\location_level.csv","3142.59","2026-05-01 오전 9:58:37"
"research_materials\참고논문\ssaggregate-main\ssaggregate-main\data-raw\location_level.dta","1881.18","2026-05-01 오전 9:58:37"
"research_materials\참고논문\ssaggregate-main\ssaggregate-main\data-raw\Lshares.dta","8961.98","2026-05-01 오전 9:58:38"
"research_materials\참고논문\ssaggregate-main\ssaggregate-main\data-raw\Lshares_superwide.csv","3546.3","2026-05-01 오전 9:58:39"
"research_materials\참고논문\ssaggregate-main\ssaggregate-main\data-raw\Lshares_superwide.dta","4997.2","2026-05-01 오전 9:58:39"
"research_materials\참고논문\ssaggregate-main\ssaggregate-main\data-raw\Lshares_wide.dta","2509.74","2026-05-01 오전 9:58:39"
"research_materials\참고논문\ssaggregate-main\ssaggregate-main\data-raw\shocks.dta","87.73","2026-05-01 오전 9:58:39"
"research_materials\참고논문\ssaggregate-main\ssaggregate-main\data-raw\sic3.csv","3.78","2026-05-01 오전 9:58:39"
"research_materials\참고논문\ssaggregate-main\ssaggregate-main\data-raw\workfile_orig.dta","1281.61","2026-05-01 오전 9:58:40"
"research_materials\참고논문\ssaggregate-main\ssaggregate-main\inst\dev.R","1.14","2026-05-01 오전 9:58:40"
"research_materials\참고논문\ssaggregate-main\ssaggregate-main\man\df.Rd","0.43","2026-05-01 오전 9:58:40"
"research_materials\참고논문\ssaggregate-main\ssaggregate-main\man\df_wide.Rd","0.32","2026-05-01 오전 9:58:40"
"research_materials\참고논문\ssaggregate-main\ssaggregate-main\man\industries.Rd","0.45","2026-05-01 오전 9:58:40"
"research_materials\참고논문\ssaggregate-main\ssaggregate-main\man\shares.Rd","0.57","2026-05-01 오전 9:58:40"
"research_materials\참고논문\ssaggregate-main\ssaggregate-main\man\shocks.Rd","0.33","2026-05-01 오전 9:58:40"
"research_materials\참고논문\ssaggregate-main\ssaggregate-main\man\ssaggregate-package.Rd","0.59","2026-05-01 오전 9:58:40"
"research_materials\참고논문\ssaggregate-main\ssaggregate-main\man\ssaggregate.Rd","13.04","2026-05-01 오전 9:58:40"
"research_materials\참고논문\ssaggregate-main\ssaggregate-main\R\data.R","1.32","2026-05-01 오전 9:58:40"
"research_materials\참고논문\ssaggregate-main\ssaggregate-main\R\ssaggregate-package.R","0.49","2026-05-01 오전 9:58:40"
"research_materials\참고논문\ssaggregate-main\ssaggregate-main\R\ssaggregate.R","11.52","2026-05-01 오전 9:58:40"
"ssaggregate-main\.gitignore","0.28","2025-11-03 오후 2:02:16"
"ssaggregate-main\.Rbuildignore","0.09","2025-11-03 오후 2:02:16"
"ssaggregate-main\DESCRIPTION","0.71","2025-11-03 오후 2:02:16"
"ssaggregate-main\LICENSE","0.05","2025-11-03 오후 2:02:16"
"ssaggregate-main\LICENSE.md","1.05","2025-11-03 오후 2:02:16"
"ssaggregate-main\NAMESPACE","0.31","2025-11-03 오후 2:02:16"
"ssaggregate-main\README.md","11.67","2025-11-03 오후 2:02:16"
"ssaggregate-main\README.Rmd","6.04","2025-11-03 오후 2:02:16"
"ssaggregate-main\ssaggregate.Rproj","0.3","2025-11-03 오후 2:02:16"
"ssaggregate-main\data\df.rda","1458.7","2025-11-03 오후 2:02:16"
"ssaggregate-main\data\df_wide.rda","2032.49","2025-11-03 오후 2:02:16"
"ssaggregate-main\data\industries.rda","2.15","2025-11-03 오후 2:02:16"
"ssaggregate-main\data\shares.rda","1232.26","2025-11-03 오후 2:02:16"
"ssaggregate-main\data\shocks.rda","50.22","2025-11-03 오후 2:02:16"
"ssaggregate-main\data-raw\Autor_Dorn_Hanson_2013.R","0.6","2025-11-03 오후 2:02:16"
"ssaggregate-main\data-raw\china9107wide.dta","113.22","2025-11-03 오후 2:02:16"
"ssaggregate-main\data-raw\Cshares.dta","8961.98","2025-11-03 오후 2:02:16"
"ssaggregate-main\data-raw\empl_ind.dta","32.58","2025-11-03 오후 2:02:16"
"ssaggregate-main\data-raw\industries.dta","13.05","2025-11-03 오후 2:02:16"
"ssaggregate-main\data-raw\industry_level.dta","781.48","2025-11-03 오후 2:02:16"
"ssaggregate-main\data-raw\industry_level_ext.dta","783.07","2025-11-03 오후 2:02:16"
"ssaggregate-main\data-raw\location_level.csv","3142.59","2025-11-03 오후 2:02:16"
"ssaggregate-main\data-raw\location_level.dta","1881.18","2025-11-03 오후 2:02:16"
"ssaggregate-main\data-raw\Lshares.dta","8961.98","2025-11-03 오후 2:02:16"
"ssaggregate-main\data-raw\Lshares_superwide.csv","3546.3","2025-11-03 오후 2:02:16"
"ssaggregate-main\data-raw\Lshares_superwide.dta","4997.2","2025-11-03 오후 2:02:16"
"ssaggregate-main\data-raw\Lshares_wide.dta","2509.74","2025-11-03 오후 2:02:16"
"ssaggregate-main\data-raw\shocks.dta","87.73","2025-11-03 오후 2:02:16"
"ssaggregate-main\data-raw\sic3.csv","3.78","2025-11-03 오후 2:02:16"
"ssaggregate-main\data-raw\workfile_orig.dta","1281.61","2025-11-03 오후 2:02:16"
"ssaggregate-main\inst\dev.R","1.14","2025-11-03 오후 2:02:16"
"ssaggregate-main\man\df.Rd","0.43","2025-11-03 오후 2:02:16"
"ssaggregate-main\man\df_wide.Rd","0.32","2025-11-03 오후 2:02:16"
"ssaggregate-main\man\industries.Rd","0.45","2025-11-03 오후 2:02:16"
"ssaggregate-main\man\shares.Rd","0.57","2025-11-03 오후 2:02:16"
"ssaggregate-main\man\shocks.Rd","0.33","2025-11-03 오후 2:02:16"
"ssaggregate-main\man\ssaggregate-package.Rd","0.59","2025-11-03 오후 2:02:16"
"ssaggregate-main\man\ssaggregate.Rd","13.04","2025-11-03 오후 2:02:16"
"ssaggregate-main\R\data.R","1.32","2025-11-03 오후 2:02:16"
"ssaggregate-main\R\ssaggregate-package.R","0.49","2025-11-03 오후 2:02:16"
"ssaggregate-main\R\ssaggregate.R","11.52","2025-11-03 오후 2:02:16"
